INSERT INTO Limity VALUES('licencjat', 10, 1), ('magister', 15, 2), ('doktorant', 20, 3);
INSERT INTO Studenci(imie, nazwisko, e_mail, stopien) VALUES
('Adam', 'Kowalski', 'adam.kowalski@example.com', 'licencjat'),
('Ewa', 'Nowak', 'ewa.nowak@example.com', 'magister'),
('Piotr', 'Wiśniewski', 'piotr.wisniewski@example.com', 'doktorant'),
('Anna', 'Dąbrowska', 'anna.dabrowska@example.com', 'licencjat'),
('Krzysztof', 'Lewandowski', 'krzysztof.lewandowski@example.com', 'magister'),
('Maria', 'Wójcik', 'maria.wojcik@example.com', 'doktorant'),
('Jan', 'Kamiński', 'jan.kaminski@example.com', 'licencjat'),
('Magdalena', 'Kowalczyk', 'magdalena.kowalczyk@example.com', 'magister'),
('Tomasz', 'Zieliński', 'tomasz.zielinski@example.com', 'doktorant'),
('Monika', 'Szymańska', 'monika.szymanska@example.com', 'licencjat'),
('Marcin', 'Woźniak', 'marcin.wozniak@example.com', 'magister'),
('Karolina', 'Jankowska', 'karolina.jankowska@example.com', 'doktorant'),
('Paweł', 'Mazur', 'pawel.mazur@example.com', 'licencjat'),
('Alicja', 'Krawczyk', 'alicja.krawczyk@example.com', 'magister'),
('Michał', 'Piotrowski', 'michal.piotrowski@example.com', 'doktorant'),
('Katarzyna', 'Grabowska', 'katarzyna.grabowska@example.com', 'licencjat'),
('Łukasz', 'Nowakowski', 'lukasz.nowakowski@example.com', 'magister'),
('Zofia', 'Pawłowska', 'zofia.pawlowska@example.com', 'doktorant'),
('Grzegorz', 'Michalski', 'grzegorz.michalski@example.com', 'licencjat'),
('Izabela', 'Nowicka', 'izabela.nowicka@example.com', 'magister');
INSERT INTO Ksiazki(tytul, autor, rok_wyd, wydawnictwo, ISBN) VALUES
('Wiedźmin', 'Andrzej Sapkowski', 1993, 'SuperNowa', '9788375780648'),
('Harry Potter i Kamień Filozoficzny', 'J.K. Rowling', 1997, 'Media Rodzina', '9788373191723'),
('1984', 'George Orwell', 1949, 'Harvill Secker', '9780141393049'),
('Duma i uprzedzenie', 'Jane Austen', 1813, 'Thomas Egerton', '9781405840849'),
('Zbuntowana', 'Veronica Roth', 2011, 'HarperCollins', '9780062024046'),
('Marsjanin', 'Andy Weir', 2011, 'Crown Publishing Group', '9780553418026'),
('Gra o tron', 'George R.R. Martin', 1996, 'Bantam Spectra', '9780553103540'),
('Pamiętnik', 'Anne Frank', 1947, 'Contact Publishing', '9780140283584'),
('Zabić drozda', 'Harper Lee', 1960, 'J.B. Lippincott & Co.', '9780060935467'),
('Władca Pierścieni: Drużyna Pierścienia', 'J.R.R. Tolkien', 1954, 'George Allen & Unwin', '9788373191723'),
('Cienioksiężnik', 'Brent Weeks', 2010, 'Orbit Books', '9781841499048'),
('Dzieci Diuny', 'Frank Herbert', 1976, 'Putnam Publishing Group', '9780593098240'),
('Szklany Tron', 'Sarah J. Maas', 2012, 'Bloomsbury Publishing', '9781408832332'),
('Złodziejka książek', 'Markus Zusak', 2005, 'Knopf', '9780375842207'),
('Fahrenheit 451', 'Ray Bradbury', 1953, 'Ballantine Books', '9781451673319'),
('Strefa Mroku', 'Stephen King', 1977, 'Doubleday', '9780892962838'),
('American Gods', 'Neil Gaiman', 2001, 'William Morrow', '9780380789030'),
('Niezgodna', 'Veronica Roth', 2011, 'HarperCollins', '9780062024039'),
('Dziennik Bridget Jones', 'Helen Fielding', 1996, 'Picador', '9780330351697'),
('Oblężenie', 'Stephen King', 1974, 'Doubleday', '9780385121675'),
('Martwe dusze', 'Nikołaj Gogol', 1842, 'Otto Wigand', '9781492132522'),
('Duma i uprzedzenie', 'Jane Austen', 1813, 'Thomas Egerton', '9781405840849'),
('Zbuntowana', 'Veronica Roth', 2011, 'HarperCollins', '9780062024046'),
('Marsjanin', 'Andy Weir', 2011, 'Crown Publishing Group', '9780553418026'),
('Gra o tron', 'George R.R. Martin', 1996, 'Bantam Spectra', '9780553103540'),
('Pamiętnik', 'Anne Frank', 1947, 'Contact Publishing', '9780140283584'),
('Zabić drozda', 'Harper Lee', 1960, 'J.B. Lippincott & Co.', '9780060935467'),
('Władca Pierścieni: Drużyna Pierścienia', 'J.R.R. Tolkien', 1954, 'George Allen & Unwin', '9788373191723'),
('Cienioksiężnik', 'Brent Weeks', 2010, 'Orbit Books', '9781841499048'),
('Dzieci Diuny', 'Frank Herbert', 1976, 'Putnam Publishing Group', '9780593098240');